EDAD_VICTIMA,FECHA,FECHA_AA,FECHA_DD,FECHA_DECESO,FECHA_MM,ID,ROL_VICTIMA,SEXO_VICTIMA,VH_VICTIMA
19,1/1/2016,2016,1,1/1/2016,1,2016-0001,CONDUCTOR,MASCULINO,MOTO
70,2/1/2016,2016,2,2/1/2016,1,2016-0002,CONDUCTOR,MASCULINO,AUTO
30,3/1/2016,2016,3,3/1/2016,1,2016-0003,CONDUCTOR,MASCULINO,MOTO
18,10/1/2016,2016,10,SD,1,2016-0004,CONDUCTOR,MASCULINO,MOTO
29,21/1/2016,2016,21,1/2/2016,1,2016-0005,CONDUCTOR,MASCULINO,MOTO
30,24/1/2016,2016,24,24/1/2016,1,2016-0008,CONDUCTOR,MASCULINO,MOTO
29,24/1/2016,2016,24,26/1/2016,1,2016-0009,PASAJERO_ACOMPAÑANTE,MASCULINO,MOTO
18,29/1/2016,2016,29,29/1/2016,1,2016-0010,CONDUCTOR,MASCULINO,MOTO
22,8/2/2016,2016,8,8/2/2016,2,2016-0012,CONDUCTOR,MASCULINO,MOTO
16,10/2/2016,2016,10,10/2/2016,2,2016-0013,PEATON,MASCULINO,PEATON
16,14/2/2016,2016,14,14/2/2016,2,2016-0015,PEATON,FEMENINO,PEATON
19,14/2/2016,2016,14,14/2/2016,2,2016-0016,PASAJERO_ACOMPAÑANTE,FEMENINO,MOTO
59,15/2/2016,2016,15,16/2/2016,2,2016-0017,PEATON,MASCULINO,PEATON
65,17/2/2016,2016,17,17/2/2016,2,2016-0019,PEATON,FEMENINO,PEATON
59,17/2/2016,2016,17,2/3/2016,2,2016-0020,PEATON,MASCULINO,PEATON
34,17/2/2016,2016,17,17/2/2016,2,2016-0021,CONDUCTOR,MASCULINO,AUTO
41,21/2/2016,2016,21,SD,2,2016-0022,PASAJERO_ACOMPAÑANTE,MASCULINO,MOTO
34,28/2/2016,2016,28,28/2/2016,2,2016-0025,PASAJERO_ACOMPAÑANTE,MASCULINO,AUTO
30,28/2/2016,2016,28,4/3/2016,2,2016-0026,CONDUCTOR,MASCULINO,AUTO
34,28/2/2016,2016,28,SD,2,2016-0027,PASAJERO_ACOMPAÑANTE,MASCULINO,AUTO
50,2/3/2016,2016,2,2/3/2016,3,2016-0028,PEATON,MASCULINO,PEATON
38,4/3/2016,2016,4,4/3/2016,3,2016-0029,PEATON,MASCULINO,PEATON
21,8/3/2016,2016,8,SD,3,2016-0031,CONDUCTOR,MASCULINO,MOTO
52,12/3/2016,2016,12,12/3/2016,3,2016-0034,PEATON,MASCULINO,PEATON
34,13/3/2016,2016,13,13/3/2016,3,2016-0035,CONDUCTOR,MASCULINO,MOTO
36,14/3/2016,2016,14,14/3/2016,3,2016-0036,PASAJERO_ACOMPAÑANTE,MASCULINO,MOTO
20,19/3/2016,2016,19,19/3/2016,3,2016-0037,CONDUCTOR,MASCULINO,MOTO
29,21/3/2016,2016,21,21/3/2016,3,2016-0038,PEATON,MASCULINO,PEATON
20,23/3/2016,2016,23,23/3/2016,3,2016-0039,CONDUCTOR,MASCULINO,MOTO
54,29/3/2016,2016,29,29/3/2016,3,2016-0041,CONDUCTOR,MASCULINO,MOTO
SD,29/3/2016,2016,29,30/3/2016,3,2016-0041,PASAJERO_ACOMPAÑANTE,MASCULINO,MOTO
56,30/3/2016,2016,30,30/3/2016,3,2016-0043,PEATON,FEMENINO,PEATON
24,31/3/2016,2016,31,31/3/2016,3,2016-0044,CONDUCTOR,MASCULINO,MOTO
SD,11/4/2016,2016,11,SD,4,2016-0045,CONDUCTOR,MASCULINO,MOTO
41,15/4/2016,2016,15,15/4/2016,4,2016-0047,PEATON,MASCULINO,PEATON
SD,15/4/2016,2016,15,SD,4,2016-0048,PEATON,FEMENINO,PEATON
SD,17/4/2016,2016,17,SD,4,2016-0049,SD,SD,SD
78,19/4/2016,2016,19,19/4/2016,4,2016-0050,PEATON,MASCULINO,PEATON
36,20/4/2016,2016,20,20/4/2016,4,2016-0051,CONDUCTOR,MASCULINO,MOTO
SD,20/4/2016,2016,20,SD,4,2016-0052,SD,SD,MOTO
38,22/4/2016,2016,22,22/4/2016,4,2016-0053,PEATON,MASCULINO,PEATON
30,23/4/2016,2016,23,25/4/2016,4,2016-0054,CONDUCTOR,MASCULINO,MOTO
79,25/4/2016,2016,25,28/4/2016,4,2016-0055,PEATON,MASCULINO,PEATON
26,26/4/2016,2016,26,26/4/2016,4,2016-0056,CONDUCTOR,MASCULINO,MOTO
57,4/5/2016,2016,4,8/5/2016,5,2016-0058,PEATON,FEMENINO,PEATON
37,8/5/2016,2016,8,26/5/2016,5,2016-0059,PEATON,MASCULINO,PEATON
20,14/5/2016,2016,14,SD,5,2016-0064,PEATON,MASCULINO,PEATON
20,20/5/2016,2016,20,20/5/2016,5,2016-0065,PEATON,MASCULINO,PEATON
30,21/5/2016,2016,21,SD,5,2016-0067,PASAJERO_ACOMPAÑANTE,FEMENINO,MOTO
58,22/5/2016,2016,22,SD,5,2016-0068,CONDUCTOR,MASCULINO,MOTO
30,23/5/2016,2016,23,23/5/2016,5,2016-0069,CONDUCTOR,MASCULINO,AUTO
23,11/6/2016,2016,11,SD,6,2016-0073,CONDUCTOR,MASCULINO,MOTO
60,12/6/2016,2016,12,SD,6,2016-0074,CONDUCTOR,MASCULINO,AUTO
42,12/6/2016,2016,12,12/6/2016,6,2016-0075,PEATON,MASCULINO,PEATON
53,13/6/2016,2016,13,13/6/2016,6,2016-0076,PEATON,FEMENINO,PEATON
SD,13/6/2016,2016,13,SD,6,2016-0077,PEATON,FEMENINO,PEATON
30,13/6/2016,2016,13,SD,6,2016-0078,CONDUCTOR,MASCULINO,MOTO
51,16/6/2016,2016,16,SD,6,2016-0079,CONDUCTOR,FEMENINO,AUTO
60,18/6/2016,2016,18,SD,6,2016-0080,CONDUCTOR,MASCULINO,AUTO
40,22/6/2016,2016,22,SD,6,2016-0081,CONDUCTOR,MASCULINO,MOTO
87,27/6/2016,2016,27,5/7/2016,6,2016-0082,PEATON,MASCULINO,PEATON
76,28/6/2016,2016,28,29/6/2016,6,2016-0083,PEATON,FEMENINO,PEATON
57,29/6/2016,2016,29,8/7/2016,6,2016-0084,PEATON,MASCULINO,PEATON
SD,29/6/2016,2016,29,SD,6,2016-0085,SD,MASCULINO,MOTO
75,30/6/2016,2016,30,1/7/2016,6,2016-0086,PEATON,MASCULINO,PEATON
23,3/7/2016,2016,3,3/7/2016,7,2016-0087,CONDUCTOR,MASCULINO,MOTO
70,11/7/2016,2016,11,14/7/2016,7,2016-0088,PEATON,FEMENINO,PEATON
35,14/7/2016,2016,14,14/7/2016,7,2016-0089,PEATON,MASCULINO,PEATON
60,14/7/2016,2016,14,15/7/2016,7,2016-0090,PEATON,MASCULINO,PEATON
24,15/7/2016,2016,15,15/7/2016,7,2016-0092,CONDUCTOR,MASCULINO,MOTO
35,17/7/2016,2016,17,19/7/2016,7,2016-0093,CONDUCTOR,MASCULINO,AUTO
29,23/7/2016,2016,23,23/7/2016,7,2016-0095,CONDUCTOR,MASCULINO,MOTO
SD,25/7/2016,2016,25,SD,7,2016-0096,CONDUCTOR,MASCULINO,MOTO
80,26/7/2016,2016,26,12/8/2016,7,2016-0097,PEATON,MASCULINO,PEATON
43,27/7/2016,2016,27,SD,7,2016-0098,CONDUCTOR,FEMENINO,MOTO
45,29/7/2016,2016,29,SD,7,2016-0099,CONDUCTOR,MASCULINO,CARGAS
57,3/8/2016,2016,3,3/8/2016,8,2016-0100,CONDUCTOR,MASCULINO,MOTO
67,7/8/2016,2016,7,SD,8,2016-0101,SD,MASCULINO,SD
29,10/8/2016,2016,10,SD,8,2016-0102,CONDUCTOR,MASCULINO,MOTO
21,14/8/2016,2016,14,15/8/2016,8,2016-0104,CONDUCTOR,MASCULINO,MOTO
19,17/8/2016,2016,17,26/8/2016,8,2016-0105,PEATON,MASCULINO,PEATON
38,19/8/2016,2016,19,SD,8,2016-0106,PEATON,MASCULINO,PEATON
21,20/8/2016,2016,20,SD,8,2016-0107,CONDUCTOR,MASCULINO,MOTO
53,24/8/2016,2016,24,24/8/2016,8,2016-0109,CONDUCTOR,FEMENINO,AUTO
57,24/8/2016,2016,24,SD,8,2016-0110,PEATON,MASCULINO,PEATON
27,25/8/2016,2016,25,25/8/2016,8,2016-0111,CONDUCTOR,MASCULINO,MOTO
24,27/8/2016,2016,27,27/8/2016,8,2016-0112,CONDUCTOR,MASCULINO,MOTO
60,27/8/2016,2016,27,SD,8,2016-0113,PEATON,FEMENINO,PEATON
55,31/8/2016,2016,31,31/8/2016,8,2016-0114,CICLISTA,FEMENINO,BICICLETA
SD,2/9/2016,2016,2,SD,9,2016-0115,SD,MASCULINO,SD
30,2/9/2016,2016,2,2/9/2016,9,2016-0116,CONDUCTOR,MASCULINO,MOTO
43,3/9/2016,2016,3,SD,9,2016-0117,CONDUCTOR,MASCULINO,AUTO
27,4/9/2016,2016,4,4/9/2016,9,2016-0118,CONDUCTOR,MASCULINO,AUTO
SD,4/9/2016,2016,4,SD,9,2016-0119,PASAJERO_ACOMPAÑANTE,FEMENINO,SD
49,13/9/2016,2016,13,13/9/2016,9,2016-0122,CICLISTA,MASCULINO,BICICLETA
58,14/9/2016,2016,14,SD,9,2016-0123,CONDUCTOR,FEMENINO,MOTO
67,16/9/2016,2016,16,SD,9,2016-0124,PEATON,MASCULINO,PEATON
30,17/9/2016,2016,17,SD,9,2016-0125,CONDUCTOR,MASCULINO,MOTO
37,18/9/2016,2016,18,SD,9,2016-0126,CONDUCTOR,MASCULINO,AUTO
60,18/9/2016,2016,18,SD,9,2016-0126,PASAJERO_ACOMPAÑANTE,MASCULINO,AUTO
50,24/9/2016,2016,24,SD,9,2016-0127,PEATON,MASCULINO,PEATON
81,2/10/2016,2016,2,2/10/2016,10,2016-0128,PEATON,FEMENINO,PEATON
29,4/10/2016,2016,4,4/10/2016,10,2016-0130,CONDUCTOR,MASCULINO,MOTO
35,9/10/2016,2016,9,SD,10,2016-0131,PEATON,MASCULINO,PEATON
30,10/10/2016,2016,10,10/10/2016,10,2016-0132,PASAJERO_ACOMPAÑANTE,MASCULINO,AUTO
41,14/10/2016,2016,14,25/10/2016,10,2016-0133,CONDUCTOR,MASCULINO,MOTO
25,23/10/2016,2016,23,23/10/2016,10,2016-0134,CONDUCTOR,MASCULINO,MOTO
29,24/10/2016,2016,24,25/10/2016,10,2016-0135,PEATON,MASCULINO,PEATON
SD,25/10/2016,2016,25,SD,10,2016-0136,CONDUCTOR,SD,MOTO
30,25/10/2016,2016,25,SD,10,2016-0137,CONDUCTOR,MASCULINO,MOTO
33,27/10/2016,2016,27,SD,10,2016-0138,CICLISTA,FEMENINO,BICICLETA
35,28/10/2016,2016,28,SD,10,2016-0139,PASAJERO_ACOMPAÑANTE,FEMENINO,MOTO
20,31/10/2016,2016,31,SD,10,2016-0140,PASAJERO_ACOMPAÑANTE,MASCULINO,PASAJEROS
46,5/11/2016,2016,5,5/11/2016,11,2016-0142,CONDUCTOR,MASCULINO,MOTO
35,6/11/2016,2016,6,SD,11,2016-0143,CONDUCTOR,MASCULINO,MOTO
83,7/11/2016,2016,7,SD,11,2016-0144,PEATON,MASCULINO,PEATON
39,7/11/2016,2016,7,7/11/2016,11,2016-0145,CONDUCTOR,MASCULINO,MOTO
29,9/11/2016,2016,9,SD,11,2016-0146,PEATON,FEMENINO,PEATON
55,16/11/2016,2016,16,16/11/2016,11,2016-0147,PASAJERO_ACOMPAÑANTE,MASCULINO,MOVIL
SD,16/11/2016,2016,16,SD,11,2016-0148,CONDUCTOR,MASCULINO,MOTO
41,18/11/2016,2016,18,18/11/2016,11,2016-0150,PASAJERO_ACOMPAÑANTE,MASCULINO,CARGAS
SD,18/11/2016,2016,18,SD,11,2016-0151,PEATON,SD,PEATON
42,23/11/2016,2016,23,24/11/2016,11,2016-0152,CONDUCTOR,MASCULINO,MOTO
83,25/11/2016,2016,25,25/11/2016,11,2016-0153,PEATON,FEMENINO,PEATON
38,26/11/2016,2016,26,SD,11,2016-0154,CONDUCTOR,MASCULINO,MOTO
29,26/11/2016,2016,26,SD,11,2016-0155,PEATON,FEMENINO,PEATON
23,26/11/2016,2016,26,30/11/2016,11,2016-0156,CONDUCTOR,MASCULINO,MOTO
23,3/12/2016,2016,3,SD,12,2016-0157,CONDUCTOR,MASCULINO,MOTO
23,4/12/2016,2016,4,SD,12,2016-0159,CONDUCTOR,MASCULINO,AUTO
29,6/12/2016,2016,6,6/12/2016,12,2016-0160,CONDUCTOR,MASCULINO,CARGAS
50,6/12/2016,2016,6,6/12/2016,12,2016-0161,PEATON,MASCULINO,PEATON
38,7/12/2016,2016,7,1/1/2017,12,2016-0162,PEATON,MASCULINO,PEATON
23,10/12/2016,2016,10,SD,12,2016-0163,CONDUCTOR,MASCULINO,MOTO
29,11/12/2016,2016,11,SD,12,2016-0164,CONDUCTOR,MASCULINO,AUTO
37,12/12/2016,2016,12,SD,12,2016-0165,CICLISTA,MASCULINO,BICICLETA
43,13/12/2016,2016,13,13/12/2016,12,2016-0168,CONDUCTOR,MASCULINO,MOTO
24,15/12/2016,2016,15,16/12/2016,12,2016-0169,CONDUCTOR,MASCULINO,MOTO
21,19/12/2016,2016,19,19/12/2016,12,2016-0170,PASAJERO_ACOMPAÑANTE,MASCULINO,MOTO
SD,25/12/2016,2016,25,SD,12,2016-0171,CONDUCTOR,SD,MOTO
38,26/12/2016,2016,26,26/12/2016,12,2016-0172,CONDUCTOR,MASCULINO,MOTO
35,26/12/2016,2016,26,SD,12,2016-0173,CONDUCTOR,MASCULINO,MOTO
SD,27/12/2016,2016,27,SD,12,2016-0174,SD,SD,SD
SD,27/12/2016,2016,27,SD,12,2016-0175,PEATON,FEMENINO,PEATON
28,28/12/2016,2016,28,SD,12,2016-0176,CONDUCTOR,MASCULINO,MOTO
27,29/12/2016,2016,29,SD,12,2016-0177,PEATON,FEMENINO,PEATON
7,30/12/2016,2016,30,SD,12,2016-0178,PEATON,FEMENINO,PEATON
18,2/1/2017,2017,2,2/1/2017,1,2017-0001,CONDUCTOR,MASCULINO,MOTO
33,5/1/2017,2017,5,5/1/2017,1,2017-0003,PASAJERO_ACOMPAÑANTE,MASCULINO,CARGAS
48,11/1/2017,2017,11,11/1/2017,1,2017-0007,PEATON,MASCULINO,PEATON
29,16/1/2017,2017,16,16/1/2017,1,2017-0008,CONDUCTOR,MASCULINO,MOTO
36,16/1/2017,2017,16,16/1/2017,1,2017-0009,CONDUCTOR,MASCULINO,MOTO
23,16/1/2017,2017,16,16/1/2017,1,2017-0010,CONDUCTOR,MASCULINO,MOTO
29,22/1/2017,2017,22,22/1/2017,1,2017-0011,PASAJERO_ACOMPAÑANTE,FEMENINO,MOTO
30,24/1/2017,2017,24,24/1/2017,1,2017-0012,CONDUCTOR,MASCULINO,MOTO
4,27/1/2017,2017,27,27/1/2017,1,2017-0013,PEATON,MASCULINO,PEATON
22,28/1/2017,2017,28,28/1/2017,1,2017-0014,PASAJERO_ACOMPAÑANTE,FEMENINO,MOTO
82,2/2/2017,2017,2,21/2/2017,2,2017-0015,PEATON,MASCULINO,PEATON
27,3/2/2017,2017,3,4/2/2017,2,2017-0016,CONDUCTOR,MASCULINO,MOTO
32,6/2/2017,2017,6,6/2/2017,2,2017-0017,CONDUCTOR,MASCULINO,MOTO
30,9/2/2017,2017,9,9/2/2017,2,2017-0018,CONDUCTOR,MASCULINO,MOTO
43,18/2/2017,2017,18,18/2/2017,2,2017-0021,CONDUCTOR,MASCULINO,MOTO
39,23/2/2017,2017,23,23/2/2017,2,2017-0024,PEATON,MASCULINO,PEATON
23,24/2/2017,2017,24,24/2/2017,2,2017-0025,CONDUCTOR,MASCULINO,MOTO
19,26/2/2017,2017,26,26/2/2017,2,2017-0026,CONDUCTOR,MASCULINO,AUTO
23,26/2/2017,2017,26,26/2/2017,2,2017-0026,PASAJERO_ACOMPAÑANTE,FEMENINO,AUTO
SD,26/2/2017,2017,26,26/2/2017,2,2017-0027,PEATON,MASCULINO,PEATON
87,28/2/2017,2017,28,28/2/2017,2,2017-0028,PEATON,MASCULINO,PEATON
34,7/3/2017,2017,7,7/3/2017,3,2017-0029,SD,MASCULINO,SD
27,7/3/2017,2017,7,7/3/2017,3,2017-0030,CONDUCTOR,FEMENINO,AUTO
70,11/3/2017,2017,11,11/3/2017,3,2017-0031,PASAJERO_ACOMPAÑANTE,MASCULINO,AUTO
40,12/3/2017,2017,12,12/3/2017,3,2017-0032,PASAJERO_ACOMPAÑANTE,FEMENINO,AUTO
28,12/3/2017,2017,12,12/3/2017,3,2017-0033,CONDUCTOR,MASCULINO,AUTO
43,13/3/2017,2017,13,13/3/2017,3,2017-0034,PEATON,MASCULINO,PEATON
28,23/3/2017,2017,23,23/3/2017,3,2017-0035,CONDUCTOR,MASCULINO,AUTO
30,23/3/2017,2017,23,23/3/2017,3,2017-0035,PASAJERO_ACOMPAÑANTE,MASCULINO,AUTO
32,23/3/2017,2017,23,23/3/2017,3,2017-0035,PASAJERO_ACOMPAÑANTE,MASCULINO,AUTO
20,29/3/2017,2017,29,29/3/2017,3,2017-0036,CONDUCTOR,MASCULINO,MOTO
SD,29/3/2017,2017,29,29/3/2017,3,2017-0036,PASAJERO_ACOMPAÑANTE,FEMENINO,MOTO
41,31/3/2017,2017,31,31/3/2017,3,2017-0037,CONDUCTOR,MASCULINO,MOTO
40,1/4/2017,2017,1,1/4/2017,4,2017-0038,CONDUCTOR,FEMENINO,MOTO
43,3/4/2017,2017,3,3/4/2017,4,2017-0040,CONDUCTOR,MASCULINO,AUTO
17,3/4/2017,2017,3,SD,4,2017-0041,CONDUCTOR,MASCULINO,MOTO
SD,10/4/2017,2017,10,10/4/2017,4,2017-0042,CONDUCTOR,MASCULINO,MOTO
21,14/4/2017,2017,14,14/4/2017,4,2017-0045,CONDUCTOR,MASCULINO,MOTO
37,23/4/2017,2017,23,23/4/2017,4,2017-0047,CONDUCTOR,MASCULINO,MOTO
22,27/4/2017,2017,27,27/4/2017,4,2017-0049,PEATON,MASCULINO,PEATON
16,28/4/2017,2017,28,28/4/2017,4,2017-0050,PASAJERO_ACOMPAÑANTE,MASCULINO,MOTO
46,28/4/2017,2017,28,28/4/2017,4,2017-0050,CONDUCTOR,MASCULINO,MOTO
33,1/5/2017,2017,1,1/5/2017,5,2017-0051,CONDUCTOR,MASCULINO,AUTO
47,5/5/2017,2017,5,5/5/2017,5,2017-0052,PEATON,FEMENINO,PEATON
28,5/5/2017,2017,5,5/5/2017,5,2017-0053,CONDUCTOR,MASCULINO,MOTO
20,7/5/2017,2017,7,7/5/2017,5,2017-0054,PASAJERO_ACOMPAÑANTE,FEMENINO,MOTO
32,9/5/2017,2017,9,9/5/2017,5,2017-0055,CONDUCTOR,MASCULINO,AUTO
80,9/5/2017,2017,9,9/5/2017,5,2017-0058,PEATON,MASCULINO,PEATON
39,11/5/2017,2017,11,11/5/2017,5,2017-0059,PEATON,FEMENINO,PEATON
30,13/5/2017,2017,13,13/5/2017,5,2017-0060,PASAJERO_ACOMPAÑANTE,MASCULINO,MOTO
47,15/5/2017,2017,15,16/5/2017,5,2017-0061,PEATON,MASCULINO,PEATON
35,15/5/2017,2017,15,15/5/2017,5,2017-0062,CONDUCTOR,MASCULINO,MOTO
79,17/5/2017,2017,17,17/5/2017,5,2017-0063,PEATON,FEMENINO,PEATON
61,20/5/2017,2017,20,20/5/2017,5,2017-0064,PASAJERO_ACOMPAÑANTE,MASCULINO,CARGAS
21,22/5/2017,2017,22,22/5/2017,5,2017-0065,CICLISTA,MASCULINO,BICICLETA
10,22/5/2017,2017,22,22/5/2017,5,2017-0066,PEATON,MASCULINO,PEATON
21,23/5/2017,2017,23,23/5/2017,5,2017-0067,CONDUCTOR,MASCULINO,MOTO
32,27/5/2017,2017,27,27/5/2017,5,2017-0068,CONDUCTOR,MASCULINO,MOTO
39,29/5/2017,2017,29,29/5/2017,5,2017-0069,CONDUCTOR,MASCULINO,MOTO
80,30/5/2017,2017,30,31/5/2017,5,2017-0070,PEATON,MASCULINO,PEATON
25,3/6/2017,2017,3,3/6/2017,6,2017-0072,CONDUCTOR,MASCULINO,AUTO
19,4/6/2017,2017,4,4/6/2017,6,2017-0073,CONDUCTOR,MASCULINO,MOTO
70,4/6/2017,2017,4,4/6/2017,6,2017-0074,SD,MASCULINO,SD
55,12/6/2017,2017,12,12/6/2017,6,2017-0075,PEATON,MASCULINO,PEATON
30,13/6/2017,2017,13,13/6/2017,6,2017-0076,PEATON,FEMENINO,PEATON
60,17/6/2017,2017,17,18/6/2017,6,2017-0077,CONDUCTOR,FEMENINO,MOTO
33,19/6/2017,2017,19,19/6/2017,6,2017-0079,CONDUCTOR,MASCULINO,MOTO
95,22/6/2017,2017,22,22/6/2017,6,2017-0080,PEATON,FEMENINO,PEATON
36,25/6/2017,2017,25,25/6/2017,6,2017-0082,PEATON,MASCULINO,PEATON
37,4/7/2017,2017,4,4/7/2017,7,2017-0083,CONDUCTOR,MASCULINO,MOTO
73,5/7/2017,2017,5,5/7/2017,7,2017-0084,PEATON,FEMENINO,PEATON
84,7/7/2017,2017,7,7/7/2017,7,2017-0085,PEATON,MASCULINO,PEATON
30,9/7/2017,2017,9,9/7/2017,7,2017-0086,PEATON,FEMENINO,PEATON
73,10/7/2017,2017,10,10/7/2017,7,2017-0087,PEATON,FEMENINO,PEATON
43,10/7/2017,2017,10,10/7/2017,7,2017-0088,PEATON,MASCULINO,PEATON
23,13/7/2017,2017,13,SD,7,2017-0089,SD,MASCULINO,SD
22,15/7/2017,2017,15,15/7/2017,7,2017-0090,PEATON,MASCULINO,PEATON
58,15/7/2017,2017,15,15/7/2017,7,2017-0091,CONDUCTOR,MASCULINO,MOTO
66,24/7/2017,2017,24,24/7/2017,7,2017-0092,PEATON,MASCULINO,PEATON
SD,25/7/2017,2017,25,25/7/2017,7,2017-0093,PEATON,MASCULINO,PEATON
56,27/7/2017,2017,27,27/7/2017,7,2017-0094,CICLISTA,FEMENINO,BICICLETA
36,6/8/2017,2017,6,6/8/2017,8,2017-0095,CONDUCTOR,MASCULINO,MOTO
87,7/8/2017,2017,7,7/8/2017,8,2017-0096,PEATON,MASCULINO,PEATON
61,8/8/2017,2017,8,8/8/2017,8,2017-0098,PEATON,FEMENINO,PEATON
28,17/8/2017,2017,17,17/8/2017,8,2017-0099,CICLISTA,MASCULINO,BICICLETA
16,21/8/2017,2017,21,21/8/2017,8,2017-0100,PASAJERO_ACOMPAÑANTE,FEMENINO,MOTO
61,23/8/2017,2017,23,23/8/2017,8,2017-0101,PEATON,FEMENINO,PEATON
46,24/8/2017,2017,24,24/8/2017,8,2017-0102,PEATON,MASCULINO,PEATON
18,25/8/2017,2017,25,25/8/2017,8,2017-0104,PEATON,FEMENINO,PEATON
85,31/8/2017,2017,31,31/8/2017,8,2017-0106,PEATON,FEMENINO,PEATON
41,1/9/2017,2017,1,1/9/2017,9,2017-0107,CONDUCTOR,MASCULINO,MOTO
10,2/9/2017,2017,2,2/9/2017,9,2017-0108,PASAJERO_ACOMPAÑANTE,MASCULINO,AUTO
17,2/9/2017,2017,2,2/9/2017,9,2017-0108,PASAJERO_ACOMPAÑANTE,MASCULINO,AUTO
21,4/9/2017,2017,4,5/9/2017,9,2017-0109,CONDUCTOR,MASCULINO,MOTO
56,6/9/2017,2017,6,7/9/2017,9,2017-0110,PEATON,MASCULINO,PEATON
79,7/9/2017,2017,7,7/9/2017,9,2017-0111,PEATON,FEMENINO,PEATON
1,10/9/2017,2017,10,SD,9,2017-0112,PASAJERO_ACOMPAÑANTE,MASCULINO,AUTO
SD,10/9/2017,2017,10,13/9/2017,9,2017-0112,PASAJERO_ACOMPAÑANTE,MASCULINO,AUTO
76,11/9/2017,2017,11,11/9/2017,9,2017-0113,PEATON,FEMENINO,PEATON
26,15/9/2017,2017,15,15/9/2017,9,2017-0114,CONDUCTOR,MASCULINO,AUTO
34,19/9/2017,2017,19,SD,9,2017-0115,CONDUCTOR,MASCULINO,MOTO
22,20/9/2017,2017,20,20/9/2017,9,2017-0116,CONDUCTOR,MASCULINO,MOTO
26,22/9/2017,2017,22,29/9/2017,9,2017-0118,PASAJERO_ACOMPAÑANTE,FEMENINO,MOTO
20,2/10/2017,2017,2,2/10/2017,10,2017-0120,CONDUCTOR,MASCULINO,MOTO
36,10/10/2017,2017,10,10/10/2017,10,2017-0123,PEATON,FEMENINO,PEATON
51,12/10/2017,2017,12,12/10/2017,10,2017-0124,CONDUCTOR,MASCULINO,MOTO
29,13/10/2017,2017,13,13/10/2017,10,2017-0125,CONDUCTOR,MASCULINO,MOTO
36,14/10/2017,2017,14,14/10/2017,10,2017-0126,CONDUCTOR,MASCULINO,AUTO
39,14/10/2017,2017,14,SD,10,2017-0126,PASAJERO_ACOMPAÑANTE,MASCULINO,AUTO
24,16/10/2017,2017,16,16/10/2017,10,2017-0127,PASAJERO_ACOMPAÑANTE,MASCULINO,MOTO
60,17/10/2017,2017,17,17/10/2017,10,2017-0128,PEATON,FEMENINO,PEATON
57,26/10/2017,2017,26,26/10/2017,10,2017-0129,CONDUCTOR,MASCULINO,MOTO
23,27/10/2017,2017,27,27/10/2017,10,2017-0130,CONDUCTOR,MASCULINO,AUTO
23,30/10/2017,2017,30,30/10/2017,10,2017-0132,CONDUCTOR,MASCULINO,MOTO
47,6/11/2017,2017,6,6/11/2017,11,2017-0134,PEATON,FEMENINO,PEATON
24,7/11/2017,2017,7,7/11/2017,11,2017-0135,CONDUCTOR,MASCULINO,MOTO
55,16/11/2017,2017,16,16/11/2017,11,2017-0136,PEATON,MASCULINO,PEATON
60,17/11/2017,2017,17,17/11/2017,11,2017-0137,PEATON,FEMENINO,PEATON
25,19/11/2017,2017,19,19/11/2017,11,2017-0138,PASAJERO_ACOMPAÑANTE,MASCULINO,MOTO
15,19/11/2017,2017,19,19/11/2017,11,2017-0139,PASAJERO_ACOMPAÑANTE,FEMENINO,AUTO
24,19/11/2017,2017,19,19/11/2017,11,2017-0140,CONDUCTOR,MASCULINO,MOTO
22,23/11/2017,2017,23,23/11/2017,11,2017-0141,PEATON,FEMENINO,PEATON
50,25/11/2017,2017,25,25/11/2017,11,2017-0143,CONDUCTOR,MASCULINO,AUTO
50,26/11/2017,2017,26,26/11/2017,11,2017-0144,PASAJERO_ACOMPAÑANTE,FEMENINO,AUTO
58,26/11/2017,2017,26,26/11/2017,11,2017-0145,CONDUCTOR,MASCULINO,MOTO
49,28/11/2017,2017,28,28/11/2017,11,2017-0147,CONDUCTOR,MASCULINO,MOTO
82,29/11/2017,2017,29,29/11/2017,11,2017-0148,PEATON,FEMENINO,PEATON
13,30/11/2017,2017,30,30/11/2017,11,2017-0149,PEATON,MASCULINO,PEATON
56,4/12/2017,2017,4,4/12/2017,12,2017-0150,PEATON,MASCULINO,PEATON
SD,4/12/2017,2017,4,4/12/2017,12,2017-0151,PEATON,MASCULINO,PEATON
19,6/12/2017,2017,6,6/12/2017,12,2017-0152,CICLISTA,MASCULINO,BICICLETA
30,11/12/2017,2017,11,12/12/2017,12,2017-0153,CONDUCTOR,MASCULINO,MOTO
SD,11/12/2017,2017,11,12/12/2017,12,2017-0153,PASAJERO_ACOMPAÑANTE,MASCULINO,MOTO
76,11/12/2017,2017,11,11/12/2017,12,2017-0154,PEATON,MASCULINO,PEATON
77,12/12/2017,2017,12,SD,12,2017-0155,SD,MASCULINO,SD
53,17/12/2017,2017,17,17/12/2017,12,2017-0157,CONDUCTOR,MASCULINO,AUTO
32,18/12/2017,2017,18,18/12/2017,12,2017-0158,CONDUCTOR,MASCULINO,MOTO
27,20/12/2017,2017,20,20/12/2017,12,2017-0159,CONDUCTOR,MASCULINO,MOTO
30,22/12/2017,2017,22,22/12/2017,12,2017-0160,PEATON,FEMENINO,PEATON
30,26/12/2017,2017,26,26/12/2017,12,2017-0161,PEATON,FEMENINO,PEATON
83,1/1/2018,2018,1,2/1/2018,1,2018-0001,PEATON,MASCULINO,PEATON
26,3/1/2018,2018,3,3/1/2018,1,2018-0002,CICLISTA,FEMENINO,BICICLETA
58,5/1/2018,2018,5,5/1/2018,1,2018-0003,PEATON,FEMENINO,PEATON
39,9/1/2018,2018,9,9/1/2018,1,2018-0004,CONDUCTOR,MASCULINO,MOTO
54,9/1/2018,2018,9,9/1/2018,1,2018-0005,PEATON,MASCULINO,PEATON
45,10/1/2018,2018,10,10/1/2018,1,2018-0006,CICLISTA,FEMENINO,BICICLETA
46,11/1/2018,2018,11,11/1/2018,1,2018-0007,CONDUCTOR,MASCULINO,AUTO
32,12/1/2018,2018,12,12/1/2018,1,2018-0008,CONDUCTOR,FEMENINO,MOTO
19,14/1/2018,2018,14,14/1/2018,1,2018-0009,CONDUCTOR,MASCULINO,MOTO
40,18/1/2018,2018,18,18/1/2018,1,2018-0010,CONDUCTOR,MASCULINO,MOTO
84,19/1/2018,2018,19,19/1/2018,1,2018-0011,PEATON,MASCULINO,PEATON
20,26/1/2018,2018,26,26/1/2018,1,2018-0012,CONDUCTOR,MASCULINO,MOTO
44,28/1/2018,2018,28,28/1/2018,1,2018-0013,CONDUCTOR,MASCULINO,MOTO
SD,31/1/2018,2018,31,4/2/2018,1,2018-0014,PEATON,MASCULINO,PEATON
19,6/2/2018,2018,6,6/2/2018,2,2018-0015,PASAJERO_ACOMPAÑANTE,MASCULINO,MOTO
28,6/2/2018,2018,6,6/2/2018,2,2018-0015,CONDUCTOR,MASCULINO,MOTO
31,15/2/2018,2018,15,15/2/2018,2,2018-0016,CONDUCTOR,MASCULINO,MOTO
35,17/2/2018,2018,17,20/2/2018,2,2018-0017,PEATON,MASCULINO,PEATON
26,17/2/2018,2018,17,17/2/2018,2,2018-0018,CONDUCTOR,MASCULINO,MOTO
80,17/2/2018,2018,17,17/2/2018,2,2018-0019,PEATON,FEMENINO,PEATON
26,19/2/2018,2018,19,19/2/2018,2,2018-0020,CONDUCTOR,MASCULINO,MOTO
62,22/2/2018,2018,22,22/2/2018,2,2018-0021,PEATON,FEMENINO,PEATON
28,24/2/2018,2018,24,24/2/2018,2,2018-0022,CONDUCTOR,MASCULINO,MOTO
28,24/2/2018,2018,24,24/2/2018,2,2018-0023,CONDUCTOR,MASCULINO,MOTO
70,28/2/2018,2018,28,28/2/2018,2,2018-0024,PEATON,MASCULINO,PEATON
70,4/3/2018,2018,4,5/3/2018,3,2018-0025,PEATON,MASCULINO,PEATON
24,9/3/2018,2018,9,9/3/2018,3,2018-0026,CONDUCTOR,MASCULINO,MOVIL
30,9/3/2018,2018,9,9/3/2018,3,2018-0026,PASAJERO_ACOMPAÑANTE,MASCULINO,MOVIL
74,11/3/2018,2018,11,11/3/2018,3,2018-0027,PEATON,FEMENINO,PEATON
71,13/3/2018,2018,13,13/3/2018,3,2018-0028,PEATON,MASCULINO,PEATON
26,15/3/2018,2018,15,15/3/2018,3,2018-0029,CONDUCTOR,MASCULINO,MOTO
24,20/3/2018,2018,20,20/3/2018,3,2018-0030,CONDUCTOR,MASCULINO,MOTO
31,28/3/2018,2018,28,28/3/2018,3,2018-0031,CONDUCTOR,MASCULINO,MOTO
70,2/4/2018,2018,2,2/4/2018,4,2018-0032,PEATON,MASCULINO,PEATON
42,7/4/2018,2018,7,10/4/2018,4,2018-0033,CONDUCTOR,FEMENINO,MOTO
24,11/4/2018,2018,11,11/4/2018,4,2018-0034,PEATON,MASCULINO,PEATON
39,12/4/2018,2018,12,12/4/2018,4,2018-0035,PEATON,FEMENINO,PEATON
37,13/4/2018,2018,13,15/4/2018,4,2018-0036,CONDUCTOR,MASCULINO,MOTO
84,18/4/2018,2018,18,19/4/2018,4,2018-0037,PEATON,MASCULINO,PEATON
59,20/4/2018,2018,20,20/4/2018,4,2018-0038,PEATON,FEMENINO,PEATON
61,20/4/2018,2018,20,20/4/2018,4,2018-0038,PEATON,MASCULINO,PEATON
37,21/4/2018,2018,21,21/4/2018,4,2018-0039,PEATON,MASCULINO,PEATON
SD,27/4/2018,2018,27,27/4/2018,4,2018-0040,PEATON,FEMENINO,PEATON
78,27/4/2018,2018,27,27/4/2018,4,2018-0041,PEATON,FEMENINO,PEATON
23,27/4/2018,2018,27,27/4/2018,4,2018-0042,PASAJERO_ACOMPAÑANTE,MASCULINO,MOTO
25,28/4/2018,2018,28,29/4/2018,4,2018-0043,CONDUCTOR,MASCULINO,MOTO
50,28/4/2018,2018,28,28/4/2018,4,2018-0044,PEATON,FEMENINO,PEATON
60,30/4/2018,2018,30,30/4/2018,4,2018-0045,CONDUCTOR,MASCULINO,AUTO
11,2/5/2018,2018,2,2/5/2018,5,2018-0046,PEATON,MASCULINO,PEATON
82,8/5/2018,2018,8,9/5/2018,5,2018-0047,PEATON,MASCULINO,PEATON
57,9/5/2018,2018,9,16/5/2018,5,2018-0048,PEATON,MASCULINO,PEATON
40,11/5/2018,2018,11,13/5/2018,5,2018-0049,PEATON,FEMENINO,PEATON
47,14/5/2018,2018,14,24/5/2018,5,2018-0050,PEATON,FEMENINO,PEATON
57,15/5/2018,2018,15,15/5/2018,5,2018-0051,PEATON,FEMENINO,PEATON
78,18/5/2018,2018,18,19/5/2018,5,2018-0052,PEATON,MASCULINO,PEATON
43,20/5/2018,2018,20,20/5/2018,5,2018-0053,CONDUCTOR,MASCULINO,MOTO
86,22/5/2018,2018,22,25/5/2018,5,2018-0054,PEATON,FEMENINO,PEATON
21,29/5/2018,2018,29,29/5/2018,5,2018-0055,CONDUCTOR,MASCULINO,MOTO
69,2/6/2018,2018,2,4/6/2018,6,2018-0056,PEATON,FEMENINO,PEATON
33,3/6/2018,2018,3,4/6/2018,6,2018-0057,CONDUCTOR,MASCULINO,MOTO
26,3/6/2018,2018,3,13/6/2018,6,2018-0058,CONDUCTOR,MASCULINO,MOTO
54,8/6/2018,2018,8,8/6/2018,6,2018-0059,CONDUCTOR,MASCULINO,MOTO
51,8/6/2018,2018,8,8/6/2018,6,2018-0060,PEATON,MASCULINO,PEATON
51,10/6/2018,2018,10,10/6/2018,6,2018-0061,CONDUCTOR,MASCULINO,MOTO
32,14/6/2018,2018,14,14/6/2018,6,2018-0062,PEATON,MASCULINO,PEATON
28,16/6/2018,2018,16,17/6/2018,6,2018-0063,PEATON,FEMENINO,PEATON
30,25/6/2018,2018,25,25/6/2018,6,2018-0064,CONDUCTOR,MASCULINO,AUTO
35,26/6/2018,2018,26,26/6/2018,6,2018-0065,CONDUCTOR,MASCULINO,MOTO
73,28/6/2018,2018,28,28/6/2018,6,2018-0066,PEATON,MASCULINO,PEATON
81,29/6/2018,2018,29,6/7/2018,6,2018-0067,PASAJERO_ACOMPAÑANTE,FEMENINO,PASAJEROS
21,1/7/2018,2018,1,1/7/2018,7,2018-0068,CONDUCTOR,MASCULINO,MOTO
20,4/7/2018,2018,4,4/7/2018,7,2018-0069,CICLISTA,MASCULINO,BICICLETA
33,7/7/2018,2018,7,7/7/2018,7,2018-0070,CONDUCTOR,MASCULINO,MOTO
SD,10/7/2018,2018,10,10/7/2018,7,2018-0071,CONDUCTOR,MASCULINO,MOTO
27,11/7/2018,2018,11,13/7/2018,7,2018-0072,CONDUCTOR,MASCULINO,MOTO
67,11/7/2018,2018,11,11/7/2018,7,2018-0073,PEATON,FEMENINO,PEATON
25,14/7/2018,2018,14,14/7/2018,7,2018-0074,CONDUCTOR,MASCULINO,AUTO
23,15/7/2018,2018,15,15/7/2018,7,2018-0075,PEATON,MASCULINO,PEATON
73,16/7/2018,2018,16,16/7/2018,7,2018-0076,CONDUCTOR,MASCULINO,AUTO
58,16/7/2018,2018,16,17/7/2018,7,2018-0077,CONDUCTOR,MASCULINO,AUTO
27,21/7/2018,2018,21,21/7/2018,7,2018-0078,PEATON,MASCULINO,PEATON
SD,23/7/2018,2018,23,23/7/2018,7,2018-0079,PEATON,MASCULINO,PEATON
26,25/7/2018,2018,25,25/7/2018,7,2018-0080,PEATON,MASCULINO,PEATON
35,29/7/2018,2018,29,29/7/2018,7,2018-0081,PEATON,MASCULINO,PEATON
17,1/8/2018,2018,1,1/8/2018,8,2018-0082,CONDUCTOR,FEMENINO,MOTO
SD,2/8/2018,2018,2,2/8/2018,8,2018-0083,CONDUCTOR,MASCULINO,MOTO
45,3/8/2018,2018,3,3/8/2018,8,2018-0084,PEATON,MASCULINO,PEATON
22,3/8/2018,2018,3,3/8/2018,8,2018-0085,PASAJERO_ACOMPAÑANTE,FEMENINO,MOTO
30,3/8/2018,2018,3,3/8/2018,8,2018-0085,CONDUCTOR,MASCULINO,MOTO
40,10/8/2018,2018,10,10/8/2018,8,2018-0086,PEATON,MASCULINO,PEATON
75,15/8/2018,2018,15,20/8/2018,8,2018-0087,PEATON,MASCULINO,PEATON
SD,17/8/2018,2018,17,17/8/2018,8,2018-0088,CONDUCTOR,MASCULINO,MOTO
80,17/8/2018,2018,17,17/8/2018,8,2018-0089,PEATON,MASCULINO,PEATON
27,18/8/2018,2018,18,18/8/2018,8,2018-0090,CONDUCTOR,MASCULINO,MOTO
23,19/8/2018,2018,19,19/8/2018,8,2018-0091,PASAJERO_ACOMPAÑANTE,FEMENINO,AUTO
23,20/8/2018,2018,20,20/8/2018,8,2018-0092,CONDUCTOR,MASCULINO,MOTO
24,20/8/2018,2018,20,20/8/2018,8,2018-0093,PEATON,MASCULINO,PEATON
32,23/8/2018,2018,23,23/8/2018,8,2018-0094,CONDUCTOR,MASCULINO,MOTO
49,26/8/2018,2018,26,26/8/2018,8,2018-0095,PASAJERO_ACOMPAÑANTE,FEMENINO,AUTO
39,31/8/2018,2018,31,31/8/2018,8,2018-0096,PEATON,MASCULINO,PEATON
35,2/9/2018,2018,2,2/9/2018,9,2018-0097,CONDUCTOR,FEMENINO,AUTO
54,9/9/2018,2018,9,9/9/2018,9,2018-0098,PASAJERO_ACOMPAÑANTE,MASCULINO,AUTO
55,9/9/2018,2018,9,9/9/2018,9,2018-0098,CONDUCTOR,MASCULINO,AUTO
18,12/9/2018,2018,12,13/9/2018,9,2018-0099,PEATON,MASCULINO,PEATON
33,20/9/2018,2018,20,20/9/2018,9,2018-0100,SD,FEMENINO,MOTO
SD,21/9/2018,2018,21,21/9/2018,9,2018-0101,CONDUCTOR,MASCULINO,AUTO
20,21/9/2018,2018,21,21/9/2018,9,2018-0102,CONDUCTOR,MASCULINO,MOTO
1,27/9/2018,2018,27,29/9/2018,9,2018-0103,PEATON,MASCULINO,PEATON
22,1/10/2018,2018,1,1/10/2018,10,2018-0104,CONDUCTOR,MASCULINO,MOTO
56,3/10/2018,2018,3,3/10/2018,10,2018-0105,PEATON,FEMENINO,PEATON
27,4/10/2018,2018,4,4/10/2018,10,2018-0106,CONDUCTOR,MASCULINO,MOTO
62,6/10/2018,2018,6,6/10/2018,10,2018-0107,PEATON,FEMENINO,PEATON
37,9/10/2018,2018,9,10/10/2018,10,2018-0108,CONDUCTOR,MASCULINO,MOTO
34,10/10/2018,2018,10,10/10/2018,10,2018-0109,PEATON,MASCULINO,PEATON
60,13/10/2018,2018,13,14/10/2018,10,2018-0110,PEATON,MASCULINO,PEATON
28,19/10/2018,2018,19,19/10/2018,10,2018-0111,CONDUCTOR,MASCULINO,MOTO
28,24/10/2018,2018,24,24/10/2018,10,2018-0112,CONDUCTOR,FEMENINO,MOTO
20,25/10/2018,2018,25,25/10/2018,10,2018-0113,CONDUCTOR,MASCULINO,MOTO
23,30/10/2018,2018,30,30/10/2018,10,2018-0114,CONDUCTOR,MASCULINO,MOTO
42,31/10/2018,2018,31,1/11/2018,10,2018-0115,PEATON,MASCULINO,PEATON
48,1/11/2018,2018,1,8/11/2018,11,2018-0116,PEATON,MASCULINO,PEATON
30,4/11/2018,2018,4,8/11/2018,11,2018-0117,CONDUCTOR,MASCULINO,MOTO
80,5/11/2018,2018,5,5/11/2018,11,2018-0118,PEATON,FEMENINO,PEATON
32,5/11/2018,2018,5,6/11/2018,11,2018-0119,PEATON,FEMENINO,PEATON
51,9/11/2018,2018,9,20/11/2018,11,2018-0120,PEATON,FEMENINO,PEATON
72,9/11/2018,2018,9,9/11/2018,11,2018-0121,PEATON,FEMENINO,PEATON
33,12/11/2018,2018,12,12/11/2018,11,2018-0122,CONDUCTOR,MASCULINO,AUTO
25,12/11/2018,2018,12,12/11/2018,11,2018-0123,CONDUCTOR,MASCULINO,AUTO
44,15/11/2018,2018,15,15/11/2018,11,2018-0124,CONDUCTOR,MASCULINO,CARGAS
29,16/11/2018,2018,16,17/11/2018,11,2018-0125,PEATON,MASCULINO,PEATON
27,18/11/2018,2018,18,23/11/2018,11,2018-0126,CONDUCTOR,MASCULINO,MOTO
29,19/11/2018,2018,19,19/11/2018,11,2018-0127,CONDUCTOR,MASCULINO,MOTO
39,25/11/2018,2018,25,25/11/2018,11,2018-0128,PASAJERO_ACOMPAÑANTE,FEMENINO,AUTO
49,25/11/2018,2018,25,25/11/2018,11,2018-0128,PASAJERO_ACOMPAÑANTE,MASCULINO,AUTO
37,28/11/2018,2018,28,30/11/2018,11,2018-0129,CONDUCTOR,MASCULINO,MOTO
SD,3/12/2018,2018,3,3/12/2018,12,2018-0130,CONDUCTOR,MASCULINO,MOTO
29,7/12/2018,2018,7,7/12/2018,12,2018-0131,CONDUCTOR,MASCULINO,MOTO
70,12/12/2018,2018,12,12/12/2018,12,2018-0132,PEATON,MASCULINO,PEATON
60,12/12/2018,2018,12,12/12/2018,12,2018-0133,PEATON,FEMENINO,PEATON
56,12/12/2018,2018,12,13/12/2018,12,2018-0134,PEATON,MASCULINO,PEATON
80,18/12/2018,2018,18,22/12/2018,12,2018-0135,PEATON,MASCULINO,PEATON
70,18/12/2018,2018,18,18/12/2018,12,2018-0136,PEATON,FEMENINO,PEATON
29,18/12/2018,2018,18,19/12/2018,12,2018-0137,PASAJERO_ACOMPAÑANTE,MASCULINO,MOTO
79,21/12/2018,2018,21,21/12/2018,12,2018-0138,PASAJERO_ACOMPAÑANTE,FEMENINO,PASAJEROS
28,22/12/2018,2018,22,24/12/2018,12,2018-0139,PASAJERO_ACOMPAÑANTE,MASCULINO,MOTO
78,22/12/2018,2018,22,22/12/2018,12,2018-0140,CONDUCTOR,MASCULINO,AUTO
75,22/12/2018,2018,22,24/12/2018,12,2018-0141,PEATON,MASCULINO,PEATON
32,25/12/2018,2018,25,1/1/2019,12,2018-0142,PASAJERO_ACOMPAÑANTE,MASCULINO,CARGAS
22,29/12/2018,2018,29,29/12/2018,12,2018-0143,CONDUCTOR,MASCULINO,MOTO
25,8/1/2019,2019,8,8/1/2019,1,2019-0001,CONDUCTOR,MASCULINO,MOTO
32,9/1/2019,2019,9,9/1/2019,1,2019-0002,CONDUCTOR,MASCULINO,AUTO
23,12/1/2019,2019,12,12/1/2019,1,2019-0003,CONDUCTOR,MASCULINO,MOTO
71,14/1/2019,2019,14,14/1/2019,1,2019-0004,CONDUCTOR,MASCULINO,AUTO
43,19/1/2019,2019,19,19/1/2019,1,2019-0005,CONDUCTOR,MASCULINO,MOTO
12,23/1/2019,2019,23,23/1/2019,1,2019-0006,PEATON,FEMENINO,PEATON
35,26/1/2019,2019,26,26/1/2019,1,2019-0007,CONDUCTOR,MASCULINO,MOTO
42,30/1/2019,2019,30,31/1/2019,1,2019-0008,CONDUCTOR,MASCULINO,MOTO
34,31/1/2019,2019,31,31/1/2019,1,2019-0009,CONDUCTOR,MASCULINO,MOTO
59,2/2/2019,2019,2,2/2/2019,2,2019-0010,PEATON,MASCULINO,PEATON
SD,2/2/2019,2019,2,2/2/2019,2,2019-0010,PEATON,MASCULINO,PEATON
SD,10/2/2019,2019,10,10/2/2019,2,2019-0011,PEATON,MASCULINO,PEATON
31,17/2/2019,2019,17,20/2/2019,2,2019-0012,CONDUCTOR,MASCULINO,MOTO
39,20/2/2019,2019,20,2/3/2019,2,2019-0013,PEATON,MASCULINO,PEATON
69,20/2/2019,2019,20,20/2/2019,2,2019-0014,CONDUCTOR,MASCULINO,MOTO
21,23/2/2019,2019,23,23/2/2019,2,2019-0015,CONDUCTOR,MASCULINO,AUTO
40,24/2/2019,2019,24,24/2/2019,2,2019-0016,CONDUCTOR,MASCULINO,MOTO
22,3/3/2019,2019,3,7/3/2019,3,2019-0017,CONDUCTOR,MASCULINO,AUTO
29,3/3/2019,2019,3,3/3/2019,3,2019-0018,PEATON,FEMENINO,PEATON
SD,6/3/2019,2019,6,26/03/2019,3,2019-0019,CONDUCTOR,MASCULINO,MOTO
43,7/3/2019,2019,7,7/3/2019,3,2019-0020,CONDUCTOR,MASCULINO,MOTO
23,15/3/2019,2019,15,16/3/2019,3,2019-0021,CONDUCTOR,MASCULINO,MOTO
SD,15/3/2019,2019,15,15/3/2019,3,2019-0022,PASAJERO_ACOMPAÑANTE,MASCULINO,AUTO
34,16/3/2019,2019,16,16/3/2019,3,2019-0023,CONDUCTOR,MASCULINO,AUTO
32,19/3/2019,2019,19,19/3/2019,3,2019-0024,CONDUCTOR,MASCULINO,MOTO
27,22/3/2019,2019,22,4/4/2019,3,2019-0025,PEATON,MASCULINO,PEATON
SD,28/3/2019,2019,28,28/3/2019,3,2019-0026,PEATON,MASCULINO,PEATON
37,28/3/2019,2019,28,28/3/2019,3,2019-0027,CICLISTA,MASCULINO,BICICLETA
SD,6/4/2019,2019,6,6/4/2019,4,2019-0028,PEATON,FEMENINO,PEATON
27,7/4/2019,2019,7,7/4/2019,4,2019-0029,CONDUCTOR,MASCULINO,MOTO
25,9/4/2019,2019,9,9/4/2019,4,2019-0030,CONDUCTOR,MASCULINO,MOTO
20,12/4/2019,2019,12,12/4/2019,4,2019-0031,CICLISTA,MASCULINO,BICICLETA
83,16/4/2019,2019,16,18/4/2019,4,2019-0032,PEATON,FEMENINO,PEATON
25,18/4/2019,2019,18,18/4/2019,4,2019-0033,CONDUCTOR,MASCULINO,MOTO
SD,21/4/2019,2019,21,21/4/2019,4,2019-0034,CONDUCTOR,MASCULINO,MOTO
75,23/4/2019,2019,23,23/4/2019,4,2019-0035,PEATON,FEMENINO,PEATON
34,26/4/2019,2019,26,2/5/2019,4,2019-0036,CONDUCTOR,MASCULINO,MOTO
17,1/5/2019,2019,1,1/5/2019,5,2019-0037,CONDUCTOR,MASCULINO,MOTO
42,4/5/2019,2019,4,5/5/2019,5,2019-0038,PEATON,FEMENINO,PEATON
28,9/5/2019,2019,9,9/5/2019,5,2019-0039,CONDUCTOR,MASCULINO,MOTO
44,9/5/2019,2019,9,15/5/2019,5,2019-0040,CONDUCTOR,MASCULINO,MOTO
78,11/5/2019,2019,11,11/5/2019,5,2019-0041,PASAJERO_ACOMPAÑANTE,FEMENINO,AUTO
39,14/5/2019,2019,14,14/5/2019,5,2019-0042,PEATON,MASCULINO,PEATON
SD,21/5/2019,2019,21,21/5/2019,5,2019-0043,CICLISTA,FEMENINO,BICICLETA
77,27/5/2019,2019,27,29/5/2019,5,2019-0044,PEATON,FEMENINO,PEATON
33,3/6/2019,2019,3,3/6/2019,6,2019-0045,CONDUCTOR,MASCULINO,MOTO
26,4/6/2019,2019,4,4/6/2019,6,2019-0046,PASAJERO_ACOMPAÑANTE,FEMENINO,MOTO
76,6/6/2019,2019,6,6/6/2019,6,2019-0047,PEATON,MASCULINO,PEATON
32,7/6/2019,2019,7,7/6/2019,6,2019-0048,CONDUCTOR,MASCULINO,MOTO
72,8/6/2019,2019,8,9/6/2019,6,2019-0049,PEATON,FEMENINO,PEATON
21,8/6/2019,2019,8,9/6/2019,6,2019-0050,CONDUCTOR,MASCULINO,MOTO
41,11/6/2019,2019,11,11/6/2019,6,2019-0051,CONDUCTOR,MASCULINO,MOTO
49,14/6/2019,2019,14,14/6/2019,6,2019-0053,PASAJERO_ACOMPAÑANTE,MASCULINO,AUTO
21,20/6/2019,2019,20,20/6/2019,6,2019-0054,CONDUCTOR,MASCULINO,MOTO
47,20/6/2019,2019,20,21/6/2019,6,2019-0055,CONDUCTOR,MASCULINO,MOTO
75,29/6/2019,2019,29,29/6/2019,6,2019-0056,PEATON,FEMENINO,PEATON
63,5/7/2019,2019,5,8/7/2019,7,2019-0057,PEATON,FEMENINO,PEATON
39,10/7/2019,2019,10,10/7/2019,7,2019-0058,CONDUCTOR,MASCULINO,MOTO
30,13/7/2019,2019,13,13/7/2019,7,2019-0059,CONDUCTOR,MASCULINO,MOTO
78,17/7/2019,2019,17,17/7/2019,7,2019-0060,PEATON,FEMENINO,PEATON
58,17/7/2019,2019,17,17/7/2019,7,2019-0061,PEATON,FEMENINO,PEATON
60,1/8/2019,2019,1,2/8/2019,8,2019-0062,PEATON,FEMENINO,PEATON
SD,4/8/2019,2019,4,4/8/2019,8,2019-0063,PASAJERO_ACOMPAÑANTE,MASCULINO,MOTO
20,6/8/2019,2019,6,6/8/2019,8,2019-0064,CONDUCTOR,MASCULINO,MOTO
55,8/8/2019,2019,8,9/8/2019,8,2019-0065,PEATON,FEMENINO,PEATON
40,11/8/2019,2019,11,11/8/2019,8,2019-0066,PEATON,MASCULINO,PEATON
35,14/8/2019,2019,14,14/8/2019,8,2019-0067,CONDUCTOR,MASCULINO,MOTO
53,14/8/2019,2019,14,14/8/2019,8,2019-0068,CONDUCTOR,MASCULINO,MOTO
43,17/8/2019,2019,17,17/8/2019,8,2019-0069,CONDUCTOR,MASCULINO,MOTO
25,22/8/2019,2019,22,22/8/2019,8,2019-0070,CONDUCTOR,MASCULINO,MOTO
SD,27/8/2019,2019,27,27/8/2019,8,2019-0071,PEATON,MASCULINO,PEATON
22,28/8/2019,2019,28,2/9/2019,8,2019-0072,CONDUCTOR,MASCULINO,AUTO
29,29/8/2019,2019,29,6/9/2019,8,2019-0073,CONDUCTOR,MASCULINO,AUTO
35,29/8/2019,2019,29,29/8/2019,8,2019-0074,CONDUCTOR,MASCULINO,MOTO
31,30/8/2019,2019,30,30/8/2019,8,2019-0075,CONDUCTOR,MASCULINO,MOTO
29,5/9/2019,2019,5,5/9/2019,9,2019-0076,CONDUCTOR,FEMENINO,MOTO
28,8/9/2019,2019,8,8/9/2019,9,2019-0077,PEATON,FEMENINO,PEATON
72,12/9/2019,2019,12,15/9/2019,9,2019-0078,PEATON,FEMENINO,PEATON
57,17/9/2019,2019,17,17/9/2019,9,2019-0079,CONDUCTOR,MASCULINO,MOTO
76,17/9/2019,2019,17,17/9/2019,9,2019-0080,PEATON,MASCULINO,PEATON
67,23/9/2019,2019,23,7/10/2019,9,2019-0081,PEATON,MASCULINO,PEATON
47,25/9/2019,2019,25,25/9/2019,9,2019-0082,CICLISTA,MASCULINO,BICICLETA
73,26/9/2019,2019,26,26/9/2019,9,2019-0083,CONDUCTOR,MASCULINO,AUTO
40,27/9/2019,2019,27,27/9/2019,9,2019-0084,CICLISTA,FEMENINO,BICICLETA
20,9/10/2019,2019,9,9/10/2019,10,2019-0085,CICLISTA,MASCULINO,BICICLETA
29,15/10/2019,2019,15,15/10/2019,10,2019-0086,CONDUCTOR,MASCULINO,MOTO
41,21/10/2019,2019,21,21/10/2019,10,2019-0087,CONDUCTOR,MASCULINO,MOTO
27,22/10/2019,2019,22,22/10/2019,10,2019-0088,PEATON,MASCULINO,PEATON
92,23/10/2019,2019,23,23/10/2019,10,2019-0089,PEATON,FEMENINO,PEATON
67,24/10/2019,2019,24,26/10/2019,10,2019-0090,PEATON,MASCULINO,PEATON
35,1/11/2019,2019,1,1/11/2019,11,2019-0091,PEATON,MASCULINO,PEATON
37,3/11/2019,2019,3,3/11/2019,11,2019-0092,PEATON,MASCULINO,PEATON
16,13/11/2019,2019,13,13/11/2019,11,2019-0093,CICLISTA,MASCULINO,BICICLETA
SD,18/11/2019,2019,18,18/11/2019,11,2019-0094,PASAJERO_ACOMPAÑANTE,FEMENINO,MOTO
SD,20/11/2019,2019,20,20/11/2019,11,2019-0095,CONDUCTOR,MASCULINO,MOTO
73,22/11/2019,2019,22,22/11/2019,11,2019-0096,PEATON,MASCULINO,PEATON
23,25/11/2019,2019,25,25/11/2019,11,2019-0097,PASAJERO_ACOMPAÑANTE,FEMENINO,MOTO
61,25/11/2019,2019,25,29/11/2019,11,2019-0098,PASAJERO_ACOMPAÑANTE,FEMENINO,PASAJEROS
38,5/12/2019,2019,5,18/12/2019,12,2019-0100,CONDUCTOR,MASCULINO,MOTO
25,17/12/2019,2019,17,17/12/2019,12,2019-0101,CONDUCTOR,MASCULINO,MOTO
18,17/12/2019,2019,17,18/12/2019,12,2019-0102,CONDUCTOR,MASCULINO,MOTO
24,18/12/2019,2019,18,18/12/2019,12,2019-0103,CONDUCTOR,MASCULINO,MOTO
23,21/12/2019,2019,21,22/12/2019,12,2019-0104,PASAJERO_ACOMPAÑANTE,FEMENINO,MOTO
82,5/5/2019,2019,5,8/5/2019,5,2019-0105,PEATON,FEMENINO,PEATON
87,4/1/2020,2020,4,4/1/2020,1,2020-0001,PEATON,FEMENINO,PEATON
36,5/1/2020,2020,5,7/1/2020,1,2020-0002,CONDUCTOR,MASCULINO,MOTO
44,11/1/2020,2020,11,11/1/2020,1,2020-0003,PEATON,MASCULINO,PEATON
82,14/1/2020,2020,14,15/1/2020,1,2020-0004,PEATON,MASCULINO,PEATON
25,14/1/2020,2020,14,10/2/2020,1,2020-0005,CONDUCTOR,MASCULINO,MOTO
23,20/1/2020,2020,20,20/1/2020,1,2020-0006,CONDUCTOR,MASCULINO,MOTO
52,27/1/2020,2020,27,27/1/2020,1,2020-0007,PEATON,MASCULINO,PEATON
49,30/1/2020,2020,30,30/1/2020,1,2020-0008,CONDUCTOR,MASCULINO,MOTO
48,4/2/2020,2020,4,5/2/2020,2,2020-0009,PEATON,MASCULINO,PEATON
SD,8/2/2020,2020,8,8/2/2020,2,2020-0010,CONDUCTOR,MASCULINO,MOTO
31,12/2/2020,2020,12,12/2/2020,2,2020-0011,CONDUCTOR,MASCULINO,MOTO
66,18/2/2020,2020,18,18/2/2020,2,2020-0012,PEATON,FEMENINO,PEATON
58,20/2/2020,2020,20,3/3/2020,2,2020-0013,PEATON,FEMENINO,PEATON
SD,27/2/2020,2020,27,27/2/2020,2,2020-0014,CONDUCTOR,MASCULINO,MOTO
29,28/2/2020,2020,28,28/2/2020,2,2020-0015,CONDUCTOR,MASCULINO,MOTO
68,29/2/2020,2020,29,9/3/2020,2,2020-0016,PEATON,MASCULINO,PEATON
SD,5/3/2020,2020,5,5/3/2020,3,2020-0017,PEATON,MASCULINO,PEATON
31,9/3/2020,2020,9,9/3/2020,3,2020-0018,CONDUCTOR,MASCULINO,MOTO
80,10/3/2020,2020,10,10/3/2020,3,2020-0019,PEATON,FEMENINO,PEATON
74,13/3/2020,2020,13,17/3/2020,3,2020-0020,PEATON,FEMENINO,PEATON
87,14/3/2020,2020,14,14/3/2020,3,2020-0021,PEATON,FEMENINO,PEATON
44,7/4/2020,2020,7,7/4/2020,4,2020-0022,PASAJERO_ACOMPAÑANTE,MASCULINO,AUTO
44,9/4/2020,2020,9,3/5/2020,4,2020-0023,CONDUCTOR,MASCULINO,AUTO
53,24/4/2020,2020,24,24/4/2020,4,2020-0024,CONDUCTOR,MASCULINO,AUTO
SD,12/5/2020,2020,12,12/5/2020,5,2020-0025,PEATON,MASCULINO,PEATON
28,17/5/2020,2020,17,17/5/2020,5,2020-0026,CONDUCTOR,MASCULINO,MOTO
76,18/5/2020,2020,18,18/5/2020,5,2020-0027,PEATON,MASCULINO,PEATON
91,19/5/2020,2020,19,23/5/2020,5,2020-0028,PEATON,MASCULINO,PEATON
80,10/6/2020,2020,10,12/6/2020,6,2020-0029,PEATON,MASCULINO,PEATON
40,16/6/2020,2020,16,16/6/2020,6,2020-0030,CONDUCTOR,MASCULINO,MOTO
29,30/6/2020,2020,30,30/6/2020,6,2020-0031,CONDUCTOR,MASCULINO,MOTO
21,10/7/2020,2020,10,10/7/2020,7,2020-0032,CONDUCTOR,MASCULINO,MOTO
32,19/7/2020,2020,19,19/7/2020,7,2020-0033,CONDUCTOR,MASCULINO,AUTO
SD,2/8/2020,2020,2,2/8/2020,8,2020-0034,PEATON,FEMENINO,PEATON
40,4/8/2020,2020,4,4/8/2020,8,2020-0035,CONDUCTOR,MASCULINO,MOTO
72,7/8/2020,2020,7,22/8/2020,8,2020-0036,PEATON,MASCULINO,PEATON
38,29/8/2020,2020,29,29/8/2020,8,2020-0037,PEATON,MASCULINO,PEATON
46,30/8/2020,2020,30,30/8/2020,8,2020-0038,CONDUCTOR,MASCULINO,AUTO
64,30/8/2020,2020,30,30/8/2020,8,2020-0038,CONDUCTOR,MASCULINO,AUTO
44,1/9/2020,2020,1,1/9/2020,9,2020-0039,PEATON,MASCULINO,PEATON
SD,12/9/2020,2020,12,12/9/2020,9,2020-0040,CONDUCTOR,MASCULINO,AUTO
34,28/9/2020,2020,28,28/9/2020,9,2020-0041,CONDUCTOR,MASCULINO,MOTO
53,29/9/2020,2020,29,29/9/2020,9,2020-0042,PEATON,FEMENINO,PEATON
64,30/9/2020,2020,30,30/9/2020,9,2020-0043,PEATON,MASCULINO,PEATON
43,5/10/2020,2020,5,5/10/2020,10,2020-0044,CONDUCTOR,MASCULINO,AUTO
50,19/10/2020,2020,19,19/10/2020,10,2020-0045,CONDUCTOR,MASCULINO,AUTO
41,27/10/2020,2020,27,27/10/2020,10,2020-0046,CONDUCTOR,MASCULINO,MOTO
15,27/10/2020,2020,27,27/10/2020,10,2020-0047,PEATON,MASCULINO,PEATON
41,29/10/2020,2020,29,29/10/2020,10,2020-0048,CONDUCTOR,MASCULINO,MOTO
36,30/10/2020,2020,30,30/10/2020,10,2020-0049,PEATON,MASCULINO,PEATON
28,1/11/2020,2020,1,1/11/2020,11,2020-0050,PEATON,FEMENINO,PEATON
49,5/11/2020,2020,5,5/11/2020,11,2020-0051,CONDUCTOR,MASCULINO,MOTO
44,7/11/2020,2020,7,7/11/2020,11,2020-0052,CICLISTA,MASCULINO,BICICLETA
27,9/11/2020,2020,9,9/11/2020,11,2020-0053,PASAJERO_ACOMPAÑANTE,MASCULINO,AUTO
59,19/11/2020,2020,19,23/11/2020,11,2020-0054,CICLISTA,MASCULINO,BICICLETA
91,19/11/2020,2020,19,11/12/2020,11,2020-0055,PEATON,MASCULINO,PEATON
34,21/11/2020,2020,21,21/11/2020,11,2020-0056,CONDUCTOR,FEMENINO,MOTO
84,23/11/2020,2020,23,23/11/2020,11,2020-0057,PEATON,MASCULINO,PEATON
57,24/11/2020,2020,24,25/11/2020,11,2020-0058,PEATON,MASCULINO,PEATON
49,1/12/2020,2020,1,14/12/2020,12,2020-0059,PEATON,FEMENINO,PEATON
69,3/12/2020,2020,3,3/12/2020,12,2020-0060,PEATON,FEMENINO,PEATON
45,3/12/2020,2020,3,4/12/2020,12,2020-0061,CONDUCTOR,MASCULINO,MOTO
47,4/12/2020,2020,4,4/12/2020,12,2020-0062,CICLISTA,MASCULINO,BICICLETA
21,5/12/2020,2020,5,5/12/2020,12,2020-0063,PASAJERO_ACOMPAÑANTE,MASCULINO,MOTO
38,5/12/2020,2020,5,5/12/2020,12,2020-0063,PEATON,MASCULINO,PEATON
24,5/12/2020,2020,5,6/12/2020,12,2020-0065,CONDUCTOR,MASCULINO,MOTO
27,7/12/2020,2020,7,7/12/2020,12,2020-0066,CONDUCTOR,MASCULINO,MOTO
51,11/12/2020,2020,11,11/12/2020,12,2020-0067,PEATON,MASCULINO,PEATON
71,12/12/2020,2020,12,20/12/2020,12,2020-0068,CONDUCTOR,MASCULINO,MOTO
25,15/12/2020,2020,15,15/12/2020,12,2020-0069,PASAJERO_ACOMPAÑANTE,MASCULINO,MOTO
81,17/12/2020,2020,17,22/12/2020,12,2020-0070,PEATON,FEMENINO,PEATON
4,17/12/2020,2020,17,17/12/2020,12,2020-0071,PEATON,MASCULINO,PEATON
42,19/12/2020,2020,19,19/12/2020,12,2020-0072,CICLISTA,MASCULINO,BICICLETA
56,20/12/2020,2020,20,20/12/2020,12,2020-0073,CONDUCTOR,MASCULINO,MOTO
39,20/12/2020,2020,20,20/12/2020,12,2020-0074,CONDUCTOR,MASCULINO,AUTO
23,23/12/2020,2020,23,23/12/2020,12,2020-0075,PEATON,MASCULINO,PEATON
78,24/12/2020,2020,24,17/1/2021,12,2020-0076,CONDUCTOR,FEMENINO,AUTO
24,25/12/2020,2020,25,25/12/2020,12,2020-0077,PASAJERO_ACOMPAÑANTE,FEMENINO,MOTO
30,25/12/2020,2020,25,25/12/2020,12,2020-0077,CONDUCTOR,FEMENINO,MOTO
26,25/12/2020,2020,25,25/12/2020,12,2020-0078,CICLISTA,MASCULINO,BICICLETA
28,27/12/2020,2020,27,27/12/2020,12,2020-0079,CONDUCTOR,MASCULINO,MOTO
36,6/1/2021,2021,6,6/1/2021,1,2021-0001,CONDUCTOR,MASCULINO,MOTO
47,7/1/2021,2021,7,7/1/2021,1,2021-0002,CONDUCTOR,FEMENINO,MOTO
27,10/1/2021,2021,10,10/1/2021,1,2021-0003,CONDUCTOR,MASCULINO,MOTO
61,11/1/2021,2021,11,11/1/2021,1,2021-0004,PEATON,FEMENINO,PEATON
73,11/1/2021,2021,11,14/1/2021,1,2021-0005,PEATON,MASCULINO,PEATON
23,12/1/2021,2021,12,12/1/2021,1,2021-0006,PASAJERO_ACOMPAÑANTE,FEMENINO,MOTO
84,18/1/2021,2021,18,26/1/2021,1,2021-0007,CONDUCTOR,MASCULINO,MOTO
28,22/1/2021,2021,22,22/1/2021,1,2021-0008,PEATON,MASCULINO,PEATON
31,23/1/2021,2021,23,23/1/2021,1,2021-0009,CONDUCTOR,MASCULINO,MOTO
28,23/1/2021,2021,23,23/1/2021,1,2021-0010,CONDUCTOR,MASCULINO,MOTO
21,27/1/2021,2021,27,27/1/2021,1,2021-0011,PEATON,MASCULINO,PEATON
SD,29/1/2021,2021,29,29/1/2021,1,2021-0012,PEATON,MASCULINO,PEATON
41,31/1/2021,2021,31,31/1/2021,1,2021-0013,CONDUCTOR,MASCULINO,MOTO
28,2/2/2021,2021,2,18/2/2021,2,2021-0014,PEATON,MASCULINO,PEATON
26,6/2/2021,2021,6,6/2/2021,2,2021-0015,CONDUCTOR,MASCULINO,MOTO
22,14/2/2021,2021,14,14/2/2021,2,2021-0016,CONDUCTOR,MASCULINO,AUTO
33,17/2/2021,2021,17,17/2/2021,2,2021-0017,CONDUCTOR,MASCULINO,MOTO
36,20/2/2021,2021,20,8/3/2021,2,2021-0018,PEATON,MASCULINO,PEATON
30,21/2/2021,2021,21,21/2/2021,2,2021-0019,CONDUCTOR,MASCULINO,MOTO
SD,21/2/2021,2021,21,21/2/2021,2,2021-0020,PEATON,FEMENINO,PEATON
39,26/2/2021,2021,26,4/3/2021,2,2021-0021,CONDUCTOR,MASCULINO,MOTO
68,28/2/2021,2021,28,6/3/2021,2,2021-0022,PASAJERO_ACOMPAÑANTE,MASCULINO,PASAJEROS
24,1/3/2021,2021,1,1/3/2021,3,2021-0023,CONDUCTOR,MASCULINO,MOTO
5,3/3/2021,2021,3,3/3/2021,3,2021-0024,CICLISTA,MASCULINO,BICICLETA
37,11/3/2021,2021,11,11/3/2021,3,2021-0025,CONDUCTOR,MASCULINO,MOTO
36,15/3/2021,2021,15,15/3/2021,3,2021-0026,CONDUCTOR,MASCULINO,MOTO
19,16/3/2021,2021,16,16/3/2021,3,2021-0027,CONDUCTOR,FEMENINO,MOTO
SD,29/3/2021,2021,29,29/3/2021,3,2021-0028,PEATON,MASCULINO,PEATON
26,31/3/2021,2021,31,2/4/2021,3,2021-0029,CONDUCTOR,MASCULINO,AUTO
36,3/4/2021,2021,3,7/4/2021,4,2021-0030,PEATON,MASCULINO,PEATON
68,7/4/2021,2021,7,11/4/2021,4,2021-0031,PEATON,FEMENINO,PEATON
60,10/4/2021,2021,10,29/4/2021,4,2021-0032,PEATON,MASCULINO,PEATON
33,14/4/2021,2021,14,14/4/2021,4,2021-0033,CONDUCTOR,MASCULINO,AUTO
26,19/4/2021,2021,19,19/4/2021,4,2021-0034,PASAJERO_ACOMPAÑANTE,FEMENINO,MOTO
24,3/5/2021,2021,3,3/5/2021,5,2021-0035,CONDUCTOR,MASCULINO,MOTO
36,9/5/2021,2021,9,9/5/2021,5,2021-0036,CONDUCTOR,MASCULINO,MOTO
58,11/5/2021,2021,11,11/5/2021,5,2021-0037,PEATON,FEMENINO,PEATON
44,14/5/2021,2021,14,14/5/2021,5,2021-0038,CONDUCTOR,FEMENINO,MOTO
86,15/5/2021,2021,15,5/6/2021,5,2021-0039,CICLISTA,MASCULINO,BICICLETA
27,20/5/2021,2021,20,20/5/2021,5,2021-0040,CONDUCTOR,MASCULINO,MOTO
75,20/5/2021,2021,20,20/5/2021,5,2021-0041,PEATON,MASCULINO,PEATON
39,21/5/2021,2021,21,21/5/2021,5,2021-0042,PEATON,MASCULINO,PEATON
50,22/5/2021,2021,22,22/5/2021,5,2021-0043,PEATON,MASCULINO,PEATON
21,25/5/2021,2021,25,25/5/2021,5,2021-0044,PASAJERO_ACOMPAÑANTE,MASCULINO,MOTO
22,26/5/2021,2021,26,26/5/2021,5,2021-0045,CONDUCTOR,MASCULINO,MOTO
20,31/5/2021,2021,31,31/5/2021,5,2021-0046,PASAJERO_ACOMPAÑANTE,MASCULINO,AUTO
59,2/6/2021,2021,2,2/6/2021,6,2021-0047,CONDUCTOR,MASCULINO,MOTO
44,3/6/2021,2021,3,23/6/2021,6,2021-0048,CICLISTA,MASCULINO,BICICLETA
74,3/6/2021,2021,3,3/6/2021,6,2021-0049,CONDUCTOR,MASCULINO,AUTO
56,10/6/2021,2021,10,10/6/2021,6,2021-0050,CONDUCTOR,MASCULINO,MOTO
73,15/6/2021,2021,15,16/6/2021,6,2021-0051,PEATON,MASCULINO,PEATON
19,20/6/2021,2021,20,20/6/2021,6,2021-0052,PASAJERO_ACOMPAÑANTE,FEMENINO,MOTO
58,20/6/2021,2021,20,30/6/2021,6,2021-0053,PEATON,MASCULINO,PEATON
41,22/6/2021,2021,22,22/6/2021,6,2021-0054,CONDUCTOR,MASCULINO,MOTO
47,29/6/2021,2021,29,29/6/2021,6,2021-0055,PASAJERO_ACOMPAÑANTE,MASCULINO,MOTO
60,9/7/2021,2021,9,9/7/2021,7,2021-0056,CICLISTA,MASCULINO,BICICLETA
46,10/7/2021,2021,10,10/7/2021,7,2021-0057,CONDUCTOR,MASCULINO,AUTO
24,21/7/2021,2021,21,21/7/2021,7,2021-0058,PEATON,MASCULINO,PEATON
44,22/7/2021,2021,22,22/7/2021,7,2021-0059,PASAJERO_ACOMPAÑANTE,FEMENINO,AUTO
80,22/7/2021,2021,22,22/7/2021,7,2021-0060,PEATON,FEMENINO,PEATON
55,24/7/2021,2021,24,24/7/2021,7,2021-0061,PEATON,FEMENINO,PEATON
73,27/7/2021,2021,27,27/7/2021,7,2021-0062,CONDUCTOR,MASCULINO,AUTO
31,2/8/2021,2021,2,2/8/2021,8,2021-0063,PASAJERO_ACOMPAÑANTE,FEMENINO,AUTO
37,2/8/2021,2021,2,3/8/2021,8,2021-0064,PEATON,MASCULINO,PEATON
63,6/8/2021,2021,6,10/8/2021,8,2021-0065,PEATON,FEMENINO,PEATON
59,6/8/2021,2021,6,9/8/2021,8,2021-0066,PEATON,MASCULINO,PEATON
27,8/8/2021,2021,8,8/8/2021,8,2021-0067,CONDUCTOR,MASCULINO,MOTO
39,15/8/2021,2021,15,15/8/2021,8,2021-0068,CONDUCTOR,MASCULINO,MOTO
17,20/8/2021,2021,20,21/8/2021,8,2021-0069,PEATON,MASCULINO,PEATON
31,28/8/2021,2021,28,28/8/2021,8,2021-0070,CONDUCTOR,MASCULINO,MOTO
88,31/8/2021,2021,31,1/9/2021,8,2021-0071,PEATON,MASCULINO,PEATON
57,1/9/2021,2021,1,1/9/2021,9,2021-0072,PEATON,FEMENINO,PEATON
76,18/9/2021,2021,18,18/9/2021,9,2021-0073,CICLISTA,FEMENINO,BICICLETA
55,20/9/2021,2021,20,20/9/2021,9,2021-0074,CONDUCTOR,MASCULINO,MOTO
65,21/9/2021,2021,21,21/9/2021,9,2021-0075,PEATON,MASCULINO,PEATON
31,16/10/2021,2021,16,16/10/2021,10,2021-0076,CONDUCTOR,MASCULINO,MOTO
31,18/10/2021,2021,18,18/10/2021,10,2021-0077,CONDUCTOR,FEMENINO,MOTO
22,23/10/2021,2021,23,23/10/2021,10,2021-0078,CONDUCTOR,MASCULINO,MOTO
SD,25/10/2021,2021,25,25/10/2021,10,2021-0079,PEATON,MASCULINO,PEATON
32,28/10/2021,2021,28,28/10/2021,10,2021-0080,CONDUCTOR,MASCULINO,MOTO
26,2/11/2021,2021,2,2/11/2021,11,2021-0081,CONDUCTOR,MASCULINO,MOTO
38,6/11/2021,2021,6,6/11/2021,11,2021-0082,CONDUCTOR,MASCULINO,MOTO
30,9/11/2021,2021,9,9/11/2021,11,2021-0083,CONDUCTOR,MASCULINO,MOTO
32,11/11/2021,2021,11,11/11/2021,11,2021-0084,CONDUCTOR,MASCULINO,AUTO
49,20/11/2021,2021,20,20/11/2021,11,2021-0085,CONDUCTOR,MASCULINO,MOTO
75,25/11/2021,2021,25,25/11/2021,11,2021-0086,PEATON,MASCULINO,PEATON
73,27/11/2021,2021,27,27/11/2021,11,2021-0087,PEATON,FEMENINO,PEATON
45,1/12/2021,2021,1,7/12/2021,12,2021-0088,CONDUCTOR,MASCULINO,MOTO
41,2/12/2021,2021,2,11/12/2021,12,2021-0089,CONDUCTOR,MASCULINO,MOTO
73,10/12/2021,2021,10,3/1/2022,12,2021-0090,PEATON,MASCULINO,PEATON
24,11/12/2021,2021,11,11/12/2021,12,2021-0091,CONDUCTOR,MASCULINO,MOTO
50,12/12/2021,2021,12,12/12/2021,12,2021-0092,PEATON,FEMENINO,PEATON
18,13/12/2021,2021,13,18/12/2021,12,2021-0093,PASAJERO_ACOMPAÑANTE,FEMENINO,MOTO
43,20/12/2021,2021,20,20/12/2021,12,2021-0094,PASAJERO_ACOMPAÑANTE,FEMENINO,MOTO
27,30/12/2021,2021,30,2/1/2022,12,2021-0095,CONDUCTOR,MASCULINO,MOTO
60,15/12/2021,2021,15,20/12/2021,12,2021-0096,CONDUCTOR,MASCULINO,AUTO
53,18/11/2021,2021,18,19/11/2021,11,2021-0097,CICLISTA,MASCULINO,BICICLETA
